Time_s,Current_A,File,Filter,Angle,Freq
7.500000000000562e-06,-2.86243e-06,20250314 mixed pixel 3 50% 0 degree 200Hz.DTA,50%,0,200Hz
1.7500000000000154e-05,-2.86243e-06,20250314 mixed pixel 3 50% 0 degree 200Hz.DTA,50%,0,200Hz
2.7500000000000614e-05,-2.79569e-06,20250314 mixed pixel 3 50% 0 degree 200Hz.DTA,50%,0,200Hz
3.750000000000021e-05,-2.82906e-06,20250314 mixed pixel 3 50% 0 degree 200Hz.DTA,50%,0,200Hz
4.750000000000067e-05,-2.76231e-06,20250314 mixed pixel 3 50% 0 degree 200Hz.DTA,50%,0,200Hz
5.750000000000026e-05,-2.79569e-06,20250314 mixed pixel 3 50% 0 degree 200Hz.DTA,50%,0,200Hz
6.750000000000072e-05,-2.76231e-06,20250314 mixed pixel 3 50% 0 degree 200Hz.DTA,50%,0,200Hz
7.750000000000031e-05,-2.76231e-06,20250314 mixed pixel 3 50% 0 degree 200Hz.DTA,50%,0,200Hz
8.750000000000077e-05,-2.79569e-06,20250314 mixed pixel 3 50% 0 degree 200Hz.DTA,50%,0,200Hz
9.750000000000036e-05,-2.79569e-06,20250314 mixed pixel 3 50% 0 degree 200Hz.DTA,50%,0,200Hz
0.00010750000000000082,-2.79569e-06,20250314 mixed pixel 3 50% 0 degree 200Hz.DTA,50%,0,200Hz
0.00011750000000000042,-2.76231e-06,20250314 mixed pixel 3 50% 0 degree 200Hz.DTA,50%,0,200Hz
0.00012750000000000088,-2.79569e-06,20250314 mixed pixel 3 50% 0 degree 200Hz.DTA,50%,0,200Hz
0.00013750000000000047,-2.72894e-06,20250314 mixed pixel 3 50% 0 degree 200Hz.DTA,50%,0,200Hz
0.00014750000000000093,-2.6622e-06,20250314 mixed pixel 3 50% 0 degree 200Hz.DTA,50%,0,200Hz
0.00015750000000000052,-2.69557e-06,20250314 mixed pixel 3 50% 0 degree 200Hz.DTA,50%,0,200Hz
0.00016750000000000011,-2.69557e-06,20250314 mixed pixel 3 50% 0 degree 200Hz.DTA,50%,0,200Hz
0.00017750000000000057,-2.6622e-06,20250314 mixed pixel 3 50% 0 degree 200Hz.DTA,50%,0,200Hz
0.00018750000000000017,-2.6622e-06,20250314 mixed pixel 3 50% 0 degree 200Hz.DTA,50%,0,200Hz
0.00019750000000000063,-2.62883e-06,20250314 mixed pixel 3 50% 0 degree 200Hz.DTA,50%,0,200Hz
0.00020750000000000109,-2.62883e-06,20250314 mixed pixel 3 50% 0 degree 200Hz.DTA,50%,0,200Hz
0.00021750000000000068,-2.56208e-06,20250314 mixed pixel 3 50% 0 degree 200Hz.DTA,50%,0,200Hz
0.00022750000000000027,-2.59545e-06,20250314 mixed pixel 3 50% 0 degree 200Hz.DTA,50%,0,200Hz
0.00023749999999999986,-2.56208e-06,20250314 mixed pixel 3 50% 0 degree 200Hz.DTA,50%,0,200Hz
0.0002475000000000012,-2.59545e-06,20250314 mixed pixel 3 50% 0 degree 200Hz.DTA,50%,0,200Hz
0.0002575000000000008,-2.56208e-06,20250314 mixed pixel 3 50% 0 degree 200Hz.DTA,50%,0,200Hz
0.0002675000000000004,-2.52871e-06,20250314 mixed pixel 3 50% 0 degree 200Hz.DTA,50%,0,200Hz
0.00027749999999999997,-2.56208e-06,20250314 mixed pixel 3 50% 0 degree 200Hz.DTA,50%,0,200Hz
0.0002875000000000013,-2.52871e-06,20250314 mixed pixel 3 50% 0 degree 200Hz.DTA,50%,0,200Hz
0.0002975000000000009,-2.52871e-06,20250314 mixed pixel 3 50% 0 degree 200Hz.DTA,50%,0,200Hz
0.0003075000000000005,-2.49534e-06,20250314 mixed pixel 3 50% 0 degree 200Hz.DTA,50%,0,200Hz
0.0003175000000000001,-2.49534e-06,20250314 mixed pixel 3 50% 0 degree 200Hz.DTA,50%,0,200Hz
0.00032749999999999967,-2.46197e-06,20250314 mixed pixel 3 50% 0 degree 200Hz.DTA,50%,0,200Hz
0.000337500000000001,-2.46197e-06,20250314 mixed pixel 3 50% 0 degree 200Hz.DTA,50%,0,200Hz
0.0003475000000000006,-2.49534e-06,20250314 mixed pixel 3 50% 0 degree 200Hz.DTA,50%,0,200Hz
0.0003575000000000002,-2.42859e-06,20250314 mixed pixel 3 50% 0 degree 200Hz.DTA,50%,0,200Hz
0.00036749999999999977,-2.46197e-06,20250314 mixed pixel 3 50% 0 degree 200Hz.DTA,50%,0,200Hz
0.0003775000000000011,-2.42859e-06,20250314 mixed pixel 3 50% 0 degree 200Hz.DTA,50%,0,200Hz
0.0003875000000000007,-2.42859e-06,20250314 mixed pixel 3 50% 0 degree 200Hz.DTA,50%,0,200Hz
0.0003975000000000003,-2.42859e-06,20250314 mixed pixel 3 50% 0 degree 200Hz.DTA,50%,0,200Hz
0.0004074999999999999,-2.42859e-06,20250314 mixed pixel 3 50% 0 degree 200Hz.DTA,50%,0,200Hz
0.0004175000000000012,-2.42859e-06,20250314 mixed pixel 3 50% 0 degree 200Hz.DTA,50%,0,200Hz
0.0004275000000000008,-2.39522e-06,20250314 mixed pixel 3 50% 0 degree 200Hz.DTA,50%,0,200Hz
0.0004375000000000004,-2.39522e-06,20250314 mixed pixel 3 50% 0 degree 200Hz.DTA,50%,0,200Hz
0.0004475,-2.39522e-06,20250314 mixed pixel 3 50% 0 degree 200Hz.DTA,50%,0,200Hz
0.0004575000000000013,-2.36185e-06,20250314 mixed pixel 3 50% 0 degree 200Hz.DTA,50%,0,200Hz
0.0004675000000000009,-2.32848e-06,20250314 mixed pixel 3 50% 0 degree 200Hz.DTA,50%,0,200Hz
0.0004775000000000005,-2.29511e-06,20250314 mixed pixel 3 50% 0 degree 200Hz.DTA,50%,0,200Hz
0.0004875000000000001,-2.32848e-06,20250314 mixed pixel 3 50% 0 degree 200Hz.DTA,50%,0,200Hz
0.0004974999999999997,-2.26173e-06,20250314 mixed pixel 3 50% 0 degree 200Hz.DTA,50%,0,200Hz
0.000507500000000001,-2.29511e-06,20250314 mixed pixel 3 50% 0 degree 200Hz.DTA,50%,0,200Hz
0.0005175000000000006,-2.29511e-06,20250314 mixed pixel 3 50% 0 degree 200Hz.DTA,50%,0,200Hz
0.0005275000000000002,-2.29511e-06,20250314 mixed pixel 3 50% 0 degree 200Hz.DTA,50%,0,200Hz
0.0005374999999999998,-2.29511e-06,20250314 mixed pixel 3 50% 0 degree 200Hz.DTA,50%,0,200Hz
0.0005475000000000011,-2.26173e-06,20250314 mixed pixel 3 50% 0 degree 200Hz.DTA,50%,0,200Hz
0.0005575000000000007,-2.26173e-06,20250314 mixed pixel 3 50% 0 degree 200Hz.DTA,50%,0,200Hz
0.0005675000000000003,-2.26173e-06,20250314 mixed pixel 3 50% 0 degree 200Hz.DTA,50%,0,200Hz
0.0005774999999999999,-2.22836e-06,20250314 mixed pixel 3 50% 0 degree 200Hz.DTA,50%,0,200Hz
0.0005875000000000012,-2.22836e-06,20250314 mixed pixel 3 50% 0 degree 200Hz.DTA,50%,0,200Hz
0.0005975000000000008,-2.22836e-06,20250314 mixed pixel 3 50% 0 degree 200Hz.DTA,50%,0,200Hz
0.0006075000000000004,-2.19499e-06,20250314 mixed pixel 3 50% 0 degree 200Hz.DTA,50%,0,200Hz
0.0006175,-2.22836e-06,20250314 mixed pixel 3 50% 0 degree 200Hz.DTA,50%,0,200Hz
0.0006275000000000013,-2.19499e-06,20250314 mixed pixel 3 50% 0 degree 200Hz.DTA,50%,0,200Hz
0.0006375000000000009,-2.16162e-06,20250314 mixed pixel 3 50% 0 degree 200Hz.DTA,50%,0,200Hz
0.0006475000000000005,-2.12825e-06,20250314 mixed pixel 3 50% 0 degree 200Hz.DTA,50%,0,200Hz
0.0006575000000000001,-2.09487e-06,20250314 mixed pixel 3 50% 0 degree 200Hz.DTA,50%,0,200Hz
0.0006674999999999997,-2.09487e-06,20250314 mixed pixel 3 50% 0 degree 200Hz.DTA,50%,0,200Hz
0.000677500000000001,-2.02813e-06,20250314 mixed pixel 3 50% 0 degree 200Hz.DTA,50%,0,200Hz
0.0006875000000000006,-2.0615e-06,20250314 mixed pixel 3 50% 0 degree 200Hz.DTA,50%,0,200Hz
0.0006975000000000002,-1.96139e-06,20250314 mixed pixel 3 50% 0 degree 200Hz.DTA,50%,0,200Hz
0.0007074999999999998,-1.86127e-06,20250314 mixed pixel 3 50% 0 degree 200Hz.DTA,50%,0,200Hz
0.0007175000000000011,-1.72778e-06,20250314 mixed pixel 3 50% 0 degree 200Hz.DTA,50%,0,200Hz
0.0007275000000000007,-1.39406e-06,20250314 mixed pixel 3 50% 0 degree 200Hz.DTA,50%,0,200Hz
0.0007375000000000003,-6.26504e-07,20250314 mixed pixel 3 50% 0 degree 200Hz.DTA,50%,0,200Hz
0.0007474999999999999,1.8764e-06,20250314 mixed pixel 3 50% 0 degree 200Hz.DTA,50%,0,200Hz
0.0007575000000000012,8.05022e-06,20250314 mixed pixel 3 50% 0 degree 200Hz.DTA,50%,0,200Hz
0.0007675000000000008,1.86292e-05,20250314 mixed pixel 3 50% 0 degree 200Hz.DTA,50%,0,200Hz
0.0007775000000000004,3.28456e-05,20250314 mixed pixel 3 50% 0 degree 200Hz.DTA,50%,0,200Hz
0.0007875,4.97319e-05,20250314 mixed pixel 3 50% 0 degree 200Hz.DTA,50%,0,200Hz
0.0007975000000000013,6.81532e-05,20250314 mixed pixel 3 50% 0 degree 200Hz.DTA,50%,0,200Hz
0.0008075000000000009,8.62409e-05,20250314 mixed pixel 3 50% 0 degree 200Hz.DTA,50%,0,200Hz
0.0008175000000000005,0.000101125,20250314 mixed pixel 3 50% 0 degree 200Hz.DTA,50%,0,200Hz
0.0008275000000000001,0.000111604,20250314 mixed pixel 3 50% 0 degree 200Hz.DTA,50%,0,200Hz
0.0008374999999999997,0.000118245,20250314 mixed pixel 3 50% 0 degree 200Hz.DTA,50%,0,200Hz
0.000847500000000001,0.000122149,20250314 mixed pixel 3 50% 0 degree 200Hz.DTA,50%,0,200Hz
0.0008575000000000006,0.000124285,20250314 mixed pixel 3 50% 0 degree 200Hz.DTA,50%,0,200Hz
0.0008675000000000002,0.00012542,20250314 mixed pixel 3 50% 0 degree 200Hz.DTA,50%,0,200Hz
0.0008774999999999998,0.000125987,20250314 mixed pixel 3 50% 0 degree 200Hz.DTA,50%,0,200Hz
0.0008875000000000011,0.000126421,20250314 mixed pixel 3 50% 0 degree 200Hz.DTA,50%,0,200Hz
0.0008975000000000007,0.000126888,20250314 mixed pixel 3 50% 0 degree 200Hz.DTA,50%,0,200Hz
0.0009075000000000003,0.000127288,20250314 mixed pixel 3 50% 0 degree 200Hz.DTA,50%,0,200Hz
0.0009174999999999999,0.000127722,20250314 mixed pixel 3 50% 0 degree 200Hz.DTA,50%,0,200Hz
0.0009275000000000012,0.000128223,20250314 mixed pixel 3 50% 0 degree 200Hz.DTA,50%,0,200Hz
0.0009375000000000008,0.000128657,20250314 mixed pixel 3 50% 0 degree 200Hz.DTA,50%,0,200Hz
0.0009475000000000004,0.000129024,20250314 mixed pixel 3 50% 0 degree 200Hz.DTA,50%,0,200Hz
0.0009575,0.000129191,20250314 mixed pixel 3 50% 0 degree 200Hz.DTA,50%,0,200Hz
0.0009675000000000013,0.000129224,20250314 mixed pixel 3 50% 0 degree 200Hz.DTA,50%,0,200Hz
0.000977500000000001,0.000129091,20250314 mixed pixel 3 50% 0 degree 200Hz.DTA,50%,0,200Hz
0.0009875000000000005,0.000128924,20250314 mixed pixel 3 50% 0 degree 200Hz.DTA,50%,0,200Hz
0.0009975000000000001,0.00012889,20250314 mixed pixel 3 50% 0 degree 200Hz.DTA,50%,0,200Hz
0.0010074999999999997,0.00012899,20250314 mixed pixel 3 50% 0 degree 200Hz.DTA,50%,0,200Hz
0.001017500000000001,0.000129358,20250314 mixed pixel 3 50% 0 degree 200Hz.DTA,50%,0,200Hz
0.0010275000000000006,0.000129858,20250314 mixed pixel 3 50% 0 degree 200Hz.DTA,50%,0,200Hz
0.0010375000000000002,0.000130425,20250314 mixed pixel 3 50% 0 degree 200Hz.DTA,50%,0,200Hz
0.0010474999999999998,0.000131026,20250314 mixed pixel 3 50% 0 degree 200Hz.DTA,50%,0,200Hz
0.0010575000000000011,0.000131527,20250314 mixed pixel 3 50% 0 degree 200Hz.DTA,50%,0,200Hz
0.0010675000000000007,0.000131927,20250314 mixed pixel 3 50% 0 degree 200Hz.DTA,50%,0,200Hz
0.0010775000000000003,0.000132194,20250314 mixed pixel 3 50% 0 degree 200Hz.DTA,50%,0,200Hz
0.0010875,0.000132328,20250314 mixed pixel 3 50% 0 degree 200Hz.DTA,50%,0,200Hz
0.0010975000000000013,0.000132528,20250314 mixed pixel 3 50% 0 degree 200Hz.DTA,50%,0,200Hz
0.0011075000000000008,0.000132795,20250314 mixed pixel 3 50% 0 degree 200Hz.DTA,50%,0,200Hz
0.0011175000000000004,0.000132962,20250314 mixed pixel 3 50% 0 degree 200Hz.DTA,50%,0,200Hz
0.0011275,0.000133229,20250314 mixed pixel 3 50% 0 degree 200Hz.DTA,50%,0,200Hz
0.0011375000000000014,0.000133362,20250314 mixed pixel 3 50% 0 degree 200Hz.DTA,50%,0,200Hz
0.001147500000000001,0.000133496,20250314 mixed pixel 3 50% 0 degree 200Hz.DTA,50%,0,200Hz
0.0011575000000000005,0.000133496,20250314 mixed pixel 3 50% 0 degree 200Hz.DTA,50%,0,200Hz
0.0011675000000000001,0.000133529,20250314 mixed pixel 3 50% 0 degree 200Hz.DTA,50%,0,200Hz
0.0011774999999999997,0.000133396,20250314 mixed pixel 3 50% 0 degree 200Hz.DTA,50%,0,200Hz
0.001187500000000001,0.000133329,20250314 mixed pixel 3 50% 0 degree 200Hz.DTA,50%,0,200Hz
0.0011975000000000006,0.000133195,20250314 mixed pixel 3 50% 0 degree 200Hz.DTA,50%,0,200Hz
0.0012075000000000002,0.000133195,20250314 mixed pixel 3 50% 0 degree 200Hz.DTA,50%,0,200Hz
0.0012174999999999998,0.000133129,20250314 mixed pixel 3 50% 0 degree 200Hz.DTA,50%,0,200Hz
0.0012275000000000012,0.000133329,20250314 mixed pixel 3 50% 0 degree 200Hz.DTA,50%,0,200Hz
0.0012375000000000008,0.000133629,20250314 mixed pixel 3 50% 0 degree 200Hz.DTA,50%,0,200Hz
0.0012475000000000003,0.000133796,20250314 mixed pixel 3 50% 0 degree 200Hz.DTA,50%,0,200Hz
0.0012575,0.000133596,20250314 mixed pixel 3 50% 0 degree 200Hz.DTA,50%,0,200Hz
0.0012675000000000013,0.000133329,20250314 mixed pixel 3 50% 0 degree 200Hz.DTA,50%,0,200Hz
0.0012775000000000009,0.000133095,20250314 mixed pixel 3 50% 0 degree 200Hz.DTA,50%,0,200Hz
0.0012875000000000004,0.000132728,20250314 mixed pixel 3 50% 0 degree 200Hz.DTA,50%,0,200Hz
0.0012975,0.000132294,20250314 mixed pixel 3 50% 0 degree 200Hz.DTA,50%,0,200Hz
0.0013075000000000014,0.00013186,20250314 mixed pixel 3 50% 0 degree 200Hz.DTA,50%,0,200Hz
0.001317500000000001,0.00013146,20250314 mixed pixel 3 50% 0 degree 200Hz.DTA,50%,0,200Hz
0.0013275000000000006,0.000130793,20250314 mixed pixel 3 50% 0 degree 200Hz.DTA,50%,0,200Hz
0.0013375000000000001,0.000129224,20250314 mixed pixel 3 50% 0 degree 200Hz.DTA,50%,0,200Hz
0.0013474999999999997,0.000126387,20250314 mixed pixel 3 50% 0 degree 200Hz.DTA,50%,0,200Hz
0.001357500000000001,0.000122616,20250314 mixed pixel 3 50% 0 degree 200Hz.DTA,50%,0,200Hz
0.0013675000000000007,0.000118311,20250314 mixed pixel 3 50% 0 degree 200Hz.DTA,50%,0,200Hz
0.0013775000000000003,0.000114474,20250314 mixed pixel 3 50% 0 degree 200Hz.DTA,50%,0,200Hz
0.0013874999999999998,0.00011157,20250314 mixed pixel 3 50% 0 degree 200Hz.DTA,50%,0,200Hz
0.0013975000000000012,0.000109668,20250314 mixed pixel 3 50% 0 degree 200Hz.DTA,50%,0,200Hz
0.0014075000000000008,0.000108533,20250314 mixed pixel 3 50% 0 degree 200Hz.DTA,50%,0,200Hz
0.0014175000000000004,0.000107966,20250314 mixed pixel 3 50% 0 degree 200Hz.DTA,50%,0,200Hz
0.0014275,0.000107666,20250314 mixed pixel 3 50% 0 degree 200Hz.DTA,50%,0,200Hz
0.0014375000000000013,0.000107566,20250314 mixed pixel 3 50% 0 degree 200Hz.DTA,50%,0,200Hz
0.0014475000000000009,0.000107432,20250314 mixed pixel 3 50% 0 degree 200Hz.DTA,50%,0,200Hz
0.0014575000000000005,0.000107265,20250314 mixed pixel 3 50% 0 degree 200Hz.DTA,50%,0,200Hz
0.0014675,0.000107165,20250314 mixed pixel 3 50% 0 degree 200Hz.DTA,50%,0,200Hz
0.0014775000000000014,0.000107065,20250314 mixed pixel 3 50% 0 degree 200Hz.DTA,50%,0,200Hz
0.001487500000000001,0.000106932,20250314 mixed pixel 3 50% 0 degree 200Hz.DTA,50%,0,200Hz
0.0014975000000000006,0.000106665,20250314 mixed pixel 3 50% 0 degree 200Hz.DTA,50%,0,200Hz
0.0015075000000000002,0.000106598,20250314 mixed pixel 3 50% 0 degree 200Hz.DTA,50%,0,200Hz
0.0015174999999999998,0.000106464,20250314 mixed pixel 3 50% 0 degree 200Hz.DTA,50%,0,200Hz
0.001527500000000001,0.000106431,20250314 mixed pixel 3 50% 0 degree 200Hz.DTA,50%,0,200Hz
0.0015375000000000007,0.000106297,20250314 mixed pixel 3 50% 0 degree 200Hz.DTA,50%,0,200Hz
0.0015475000000000003,0.000106197,20250314 mixed pixel 3 50% 0 degree 200Hz.DTA,50%,0,200Hz
0.0015574999999999999,0.000106097,20250314 mixed pixel 3 50% 0 degree 200Hz.DTA,50%,0,200Hz
0.0015675000000000012,0.00010603,20250314 mixed pixel 3 50% 0 degree 200Hz.DTA,50%,0,200Hz
0.0015775000000000008,0.000105964,20250314 mixed pixel 3 50% 0 degree 200Hz.DTA,50%,0,200Hz
0.0015875000000000004,0.000105964,20250314 mixed pixel 3 50% 0 degree 200Hz.DTA,50%,0,200Hz
0.0015975,0.000105897,20250314 mixed pixel 3 50% 0 degree 200Hz.DTA,50%,0,200Hz
0.0016075000000000013,0.000105797,20250314 mixed pixel 3 50% 0 degree 200Hz.DTA,50%,0,200Hz
0.0016175000000000009,0.000105764,20250314 mixed pixel 3 50% 0 degree 200Hz.DTA,50%,0,200Hz
0.0016275000000000005,0.000105663,20250314 mixed pixel 3 50% 0 degree 200Hz.DTA,50%,0,200Hz
0.0016375,0.00010563,20250314 mixed pixel 3 50% 0 degree 200Hz.DTA,50%,0,200Hz
0.0016474999999999997,0.000105563,20250314 mixed pixel 3 50% 0 degree 200Hz.DTA,50%,0,200Hz
0.001657500000000001,0.00010553,20250314 mixed pixel 3 50% 0 degree 200Hz.DTA,50%,0,200Hz
0.0016675000000000006,0.000105463,20250314 mixed pixel 3 50% 0 degree 200Hz.DTA,50%,0,200Hz
0.0016775000000000002,0.00010543,20250314 mixed pixel 3 50% 0 degree 200Hz.DTA,50%,0,200Hz
0.0016874999999999998,0.00010533,20250314 mixed pixel 3 50% 0 degree 200Hz.DTA,50%,0,200Hz
0.001697500000000001,0.00010533,20250314 mixed pixel 3 50% 0 degree 200Hz.DTA,50%,0,200Hz
0.0017075000000000007,0.000105296,20250314 mixed pixel 3 50% 0 degree 200Hz.DTA,50%,0,200Hz
0.0017175000000000003,0.00010523,20250314 mixed pixel 3 50% 0 degree 200Hz.DTA,50%,0,200Hz
0.0017274999999999999,0.000105163,20250314 mixed pixel 3 50% 0 degree 200Hz.DTA,50%,0,200Hz
0.0017375000000000012,0.000105096,20250314 mixed pixel 3 50% 0 degree 200Hz.DTA,50%,0,200Hz
0.0017475000000000008,0.000105029,20250314 mixed pixel 3 50% 0 degree 200Hz.DTA,50%,0,200Hz
0.0017575000000000004,0.000105063,20250314 mixed pixel 3 50% 0 degree 200Hz.DTA,50%,0,200Hz
0.0017675,0.000105063,20250314 mixed pixel 3 50% 0 degree 200Hz.DTA,50%,0,200Hz
0.0017775000000000013,0.000105063,20250314 mixed pixel 3 50% 0 degree 200Hz.DTA,50%,0,200Hz
0.001787500000000001,0.000105063,20250314 mixed pixel 3 50% 0 degree 200Hz.DTA,50%,0,200Hz
0.0017975000000000005,0.000105029,20250314 mixed pixel 3 50% 0 degree 200Hz.DTA,50%,0,200Hz
0.0018075,0.000104996,20250314 mixed pixel 3 50% 0 degree 200Hz.DTA,50%,0,200Hz
0.0018174999999999997,0.000104963,20250314 mixed pixel 3 50% 0 degree 200Hz.DTA,50%,0,200Hz
0.001827500000000001,0.000104896,20250314 mixed pixel 3 50% 0 degree 200Hz.DTA,50%,0,200Hz
0.0018375000000000006,0.000104796,20250314 mixed pixel 3 50% 0 degree 200Hz.DTA,50%,0,200Hz
0.0018475000000000002,0.000104796,20250314 mixed pixel 3 50% 0 degree 200Hz.DTA,50%,0,200Hz
0.0018574999999999998,0.000104762,20250314 mixed pixel 3 50% 0 degree 200Hz.DTA,50%,0,200Hz
0.001867500000000001,0.000104762,20250314 mixed pixel 3 50% 0 degree 200Hz.DTA,50%,0,200Hz
0.0018775000000000007,0.000104796,20250314 mixed pixel 3 50% 0 degree 200Hz.DTA,50%,0,200Hz
0.0018875000000000003,0.000104829,20250314 mixed pixel 3 50% 0 degree 200Hz.DTA,50%,0,200Hz
0.0018974999999999999,0.000104696,20250314 mixed pixel 3 50% 0 degree 200Hz.DTA,50%,0,200Hz
0.0019075000000000012,0.000104696,20250314 mixed pixel 3 50% 0 degree 200Hz.DTA,50%,0,200Hz
0.0019175000000000008,0.000104629,20250314 mixed pixel 3 50% 0 degree 200Hz.DTA,50%,0,200Hz
0.0019275000000000004,0.000104595,20250314 mixed pixel 3 50% 0 degree 200Hz.DTA,50%,0,200Hz
0.0019375,0.000104529,20250314 mixed pixel 3 50% 0 degree 200Hz.DTA,50%,0,200Hz
0.0019475000000000013,0.000104562,20250314 mixed pixel 3 50% 0 degree 200Hz.DTA,50%,0,200Hz
0.001957500000000001,0.000104495,20250314 mixed pixel 3 50% 0 degree 200Hz.DTA,50%,0,200Hz
0.0019675000000000005,0.000104529,20250314 mixed pixel 3 50% 0 degree 200Hz.DTA,50%,0,200Hz
0.0019775,0.000104529,20250314 mixed pixel 3 50% 0 degree 200Hz.DTA,50%,0,200Hz
0.0019874999999999997,0.000104562,20250314 mixed pixel 3 50% 0 degree 200Hz.DTA,50%,0,200Hz
0.001997500000000001,0.000104562,20250314 mixed pixel 3 50% 0 degree 200Hz.DTA,50%,0,200Hz
0.0020075000000000006,0.000104495,20250314 mixed pixel 3 50% 0 degree 200Hz.DTA,50%,0,200Hz
0.0020175,0.000104429,20250314 mixed pixel 3 50% 0 degree 200Hz.DTA,50%,0,200Hz
0.0020275,0.000104429,20250314 mixed pixel 3 50% 0 degree 200Hz.DTA,50%,0,200Hz
0.002037500000000001,0.000104462,20250314 mixed pixel 3 50% 0 degree 200Hz.DTA,50%,0,200Hz
0.0020475000000000007,0.000104429,20250314 mixed pixel 3 50% 0 degree 200Hz.DTA,50%,0,200Hz
0.0020575000000000003,0.000104362,20250314 mixed pixel 3 50% 0 degree 200Hz.DTA,50%,0,200Hz
0.0020675,0.000104362,20250314 mixed pixel 3 50% 0 degree 200Hz.DTA,50%,0,200Hz
0.0020775000000000012,0.000104362,20250314 mixed pixel 3 50% 0 degree 200Hz.DTA,50%,0,200Hz
0.002087500000000001,0.000104362,20250314 mixed pixel 3 50% 0 degree 200Hz.DTA,50%,0,200Hz
0.0020975000000000004,0.000104429,20250314 mixed pixel 3 50% 0 degree 200Hz.DTA,50%,0,200Hz
0.0021075,0.000104295,20250314 mixed pixel 3 50% 0 degree 200Hz.DTA,50%,0,200Hz
0.0021175000000000013,0.000104195,20250314 mixed pixel 3 50% 0 degree 200Hz.DTA,50%,0,200Hz
0.002127500000000001,0.000104162,20250314 mixed pixel 3 50% 0 degree 200Hz.DTA,50%,0,200Hz
0.0021375000000000005,0.000104262,20250314 mixed pixel 3 50% 0 degree 200Hz.DTA,50%,0,200Hz
0.0021475,0.000104228,20250314 mixed pixel 3 50% 0 degree 200Hz.DTA,50%,0,200Hz
0.0021574999999999997,0.000104195,20250314 mixed pixel 3 50% 0 degree 200Hz.DTA,50%,0,200Hz
0.002167500000000001,0.000104162,20250314 mixed pixel 3 50% 0 degree 200Hz.DTA,50%,0,200Hz
0.0021775000000000006,0.000104162,20250314 mixed pixel 3 50% 0 degree 200Hz.DTA,50%,0,200Hz
0.0021875,0.000104162,20250314 mixed pixel 3 50% 0 degree 200Hz.DTA,50%,0,200Hz
0.0021975,0.000104128,20250314 mixed pixel 3 50% 0 degree 200Hz.DTA,50%,0,200Hz
0.002207500000000001,0.000104095,20250314 mixed pixel 3 50% 0 degree 200Hz.DTA,50%,0,200Hz
0.0022175000000000007,0.000104128,20250314 mixed pixel 3 50% 0 degree 200Hz.DTA,50%,0,200Hz
0.0022275000000000003,0.000104095,20250314 mixed pixel 3 50% 0 degree 200Hz.DTA,50%,0,200Hz
0.0022375,0.000104028,20250314 mixed pixel 3 50% 0 degree 200Hz.DTA,50%,0,200Hz
0.0022475000000000012,0.000104062,20250314 mixed pixel 3 50% 0 degree 200Hz.DTA,50%,0,200Hz
0.002257500000000001,0.000104095,20250314 mixed pixel 3 50% 0 degree 200Hz.DTA,50%,0,200Hz
0.0022675000000000004,0.000103961,20250314 mixed pixel 3 50% 0 degree 200Hz.DTA,50%,0,200Hz
0.0022775,0.000103928,20250314 mixed pixel 3 50% 0 degree 200Hz.DTA,50%,0,200Hz
0.0022875000000000013,0.000103928,20250314 mixed pixel 3 50% 0 degree 200Hz.DTA,50%,0,200Hz
0.002297500000000001,0.000103861,20250314 mixed pixel 3 50% 0 degree 200Hz.DTA,50%,0,200Hz
0.0023075000000000005,0.000103861,20250314 mixed pixel 3 50% 0 degree 200Hz.DTA,50%,0,200Hz
0.0023175,0.000103895,20250314 mixed pixel 3 50% 0 degree 200Hz.DTA,50%,0,200Hz
0.0023274999999999997,0.000103895,20250314 mixed pixel 3 50% 0 degree 200Hz.DTA,50%,0,200Hz
0.002337500000000001,0.000103895,20250314 mixed pixel 3 50% 0 degree 200Hz.DTA,50%,0,200Hz
0.0023475000000000006,0.000103895,20250314 mixed pixel 3 50% 0 degree 200Hz.DTA,50%,0,200Hz
0.0023575000000000002,0.000103861,20250314 mixed pixel 3 50% 0 degree 200Hz.DTA,50%,0,200Hz
0.0023675,0.000103861,20250314 mixed pixel 3 50% 0 degree 200Hz.DTA,50%,0,200Hz
0.002377500000000001,0.000103828,20250314 mixed pixel 3 50% 0 degree 200Hz.DTA,50%,0,200Hz
0.0023875000000000007,0.000103861,20250314 mixed pixel 3 50% 0 degree 200Hz.DTA,50%,0,200Hz
0.0023975000000000003,0.000103861,20250314 mixed pixel 3 50% 0 degree 200Hz.DTA,50%,0,200Hz
0.0024075,0.000103828,20250314 mixed pixel 3 50% 0 degree 200Hz.DTA,50%,0,200Hz
0.0024175000000000012,0.000103828,20250314 mixed pixel 3 50% 0 degree 200Hz.DTA,50%,0,200Hz
0.002427500000000001,0.000103761,20250314 mixed pixel 3 50% 0 degree 200Hz.DTA,50%,0,200Hz
0.0024375000000000004,0.000103795,20250314 mixed pixel 3 50% 0 degree 200Hz.DTA,50%,0,200Hz
0.0024475,0.000103761,20250314 mixed pixel 3 50% 0 degree 200Hz.DTA,50%,0,200Hz
0.0024575000000000014,0.000103761,20250314 mixed pixel 3 50% 0 degree 200Hz.DTA,50%,0,200Hz
0.002467500000000001,0.000103761,20250314 mixed pixel 3 50% 0 degree 200Hz.DTA,50%,0,200Hz
0.0024775000000000005,0.000103728,20250314 mixed pixel 3 50% 0 degree 200Hz.DTA,50%,0,200Hz
0.0024875,0.000103728,20250314 mixed pixel 3 50% 0 degree 200Hz.DTA,50%,0,200Hz
0.0024974999999999997,0.000103728,20250314 mixed pixel 3 50% 0 degree 200Hz.DTA,50%,0,200Hz
0.002507500000000001,0.000103694,20250314 mixed pixel 3 50% 0 degree 200Hz.DTA,50%,0,200Hz
0.0025175000000000006,0.000103694,20250314 mixed pixel 3 50% 0 degree 200Hz.DTA,50%,0,200Hz
0.0025275000000000002,0.000103694,20250314 mixed pixel 3 50% 0 degree 200Hz.DTA,50%,0,200Hz
0.0025375,0.000103728,20250314 mixed pixel 3 50% 0 degree 200Hz.DTA,50%,0,200Hz
0.002547500000000001,0.000103728,20250314 mixed pixel 3 50% 0 degree 200Hz.DTA,50%,0,200Hz
0.0025575000000000007,0.000103694,20250314 mixed pixel 3 50% 0 degree 200Hz.DTA,50%,0,200Hz
0.0025675000000000003,0.000103661,20250314 mixed pixel 3 50% 0 degree 200Hz.DTA,50%,0,200Hz
0.0025775,0.000103661,20250314 mixed pixel 3 50% 0 degree 200Hz.DTA,50%,0,200Hz
0.0025875000000000013,0.000103628,20250314 mixed pixel 3 50% 0 degree 200Hz.DTA,50%,0,200Hz
0.002597500000000001,0.000103661,20250314 mixed pixel 3 50% 0 degree 200Hz.DTA,50%,0,200Hz
0.0026075000000000004,0.000103628,20250314 mixed pixel 3 50% 0 degree 200Hz.DTA,50%,0,200Hz
0.0026175,0.000103528,20250314 mixed pixel 3 50% 0 degree 200Hz.DTA,50%,0,200Hz
0.0026275000000000014,0.000103528,20250314 mixed pixel 3 50% 0 degree 200Hz.DTA,50%,0,200Hz
0.002637500000000001,0.000103561,20250314 mixed pixel 3 50% 0 degree 200Hz.DTA,50%,0,200Hz
0.0026475000000000005,0.000103628,20250314 mixed pixel 3 50% 0 degree 200Hz.DTA,50%,0,200Hz
0.0026575,0.000103561,20250314 mixed pixel 3 50% 0 degree 200Hz.DTA,50%,0,200Hz
0.0026674999999999997,0.000103594,20250314 mixed pixel 3 50% 0 degree 200Hz.DTA,50%,0,200Hz
0.002677500000000001,0.000103594,20250314 mixed pixel 3 50% 0 degree 200Hz.DTA,50%,0,200Hz
0.0026875000000000007,0.000103594,20250314 mixed pixel 3 50% 0 degree 200Hz.DTA,50%,0,200Hz
0.0026975000000000002,0.000103494,20250314 mixed pixel 3 50% 0 degree 200Hz.DTA,50%,0,200Hz
0.0027075,0.000103461,20250314 mixed pixel 3 50% 0 degree 200Hz.DTA,50%,0,200Hz
0.002717500000000001,0.000103461,20250314 mixed pixel 3 50% 0 degree 200Hz.DTA,50%,0,200Hz
0.0027275000000000008,0.000103427,20250314 mixed pixel 3 50% 0 degree 200Hz.DTA,50%,0,200Hz
0.0027375000000000003,0.000103494,20250314 mixed pixel 3 50% 0 degree 200Hz.DTA,50%,0,200Hz
0.0027475,0.000103528,20250314 mixed pixel 3 50% 0 degree 200Hz.DTA,50%,0,200Hz
0.0027575000000000013,0.000103528,20250314 mixed pixel 3 50% 0 degree 200Hz.DTA,50%,0,200Hz
0.002767500000000001,0.000103494,20250314 mixed pixel 3 50% 0 degree 200Hz.DTA,50%,0,200Hz
0.0027775000000000005,0.000103461,20250314 mixed pixel 3 50% 0 degree 200Hz.DTA,50%,0,200Hz
0.0027875,0.000103427,20250314 mixed pixel 3 50% 0 degree 200Hz.DTA,50%,0,200Hz
0.0027975000000000014,0.000103427,20250314 mixed pixel 3 50% 0 degree 200Hz.DTA,50%,0,200Hz
0.002807500000000001,0.000103361,20250314 mixed pixel 3 50% 0 degree 200Hz.DTA,50%,0,200Hz
0.0028175000000000006,0.000103427,20250314 mixed pixel 3 50% 0 degree 200Hz.DTA,50%,0,200Hz
0.0028275,0.000103361,20250314 mixed pixel 3 50% 0 degree 200Hz.DTA,50%,0,200Hz
0.0028374999999999997,0.000103394,20250314 mixed pixel 3 50% 0 degree 200Hz.DTA,50%,0,200Hz
0.002847500000000001,0.000103427,20250314 mixed pixel 3 50% 0 degree 200Hz.DTA,50%,0,200Hz
0.0028575000000000007,0.000103461,20250314 mixed pixel 3 50% 0 degree 200Hz.DTA,50%,0,200Hz
0.0028675000000000003,0.000103394,20250314 mixed pixel 3 50% 0 degree 200Hz.DTA,50%,0,200Hz
0.0028775,0.000103361,20250314 mixed pixel 3 50% 0 degree 200Hz.DTA,50%,0,200Hz
0.002887500000000001,0.000103361,20250314 mixed pixel 3 50% 0 degree 200Hz.DTA,50%,0,200Hz
0.0028975000000000008,0.000103327,20250314 mixed pixel 3 50% 0 degree 200Hz.DTA,50%,0,200Hz
0.0029075000000000004,0.000103394,20250314 mixed pixel 3 50% 0 degree 200Hz.DTA,50%,0,200Hz
0.0029175,0.000103427,20250314 mixed pixel 3 50% 0 degree 200Hz.DTA,50%,0,200Hz
0.0029275000000000013,0.000103361,20250314 mixed pixel 3 50% 0 degree 200Hz.DTA,50%,0,200Hz
0.002937500000000001,0.000103361,20250314 mixed pixel 3 50% 0 degree 200Hz.DTA,50%,0,200Hz
0.0029475000000000005,0.000103361,20250314 mixed pixel 3 50% 0 degree 200Hz.DTA,50%,0,200Hz
0.0029575,0.000103327,20250314 mixed pixel 3 50% 0 degree 200Hz.DTA,50%,0,200Hz
0.0029675000000000014,0.000103361,20250314 mixed pixel 3 50% 0 degree 200Hz.DTA,50%,0,200Hz
0.002977500000000001,0.000103361,20250314 mixed pixel 3 50% 0 degree 200Hz.DTA,50%,0,200Hz
0.0029875000000000006,0.000103394,20250314 mixed pixel 3 50% 0 degree 200Hz.DTA,50%,0,200Hz
0.0029975,0.000103361,20250314 mixed pixel 3 50% 0 degree 200Hz.DTA,50%,0,200Hz
0.0030074999999999998,0.000103294,20250314 mixed pixel 3 50% 0 degree 200Hz.DTA,50%,0,200Hz
0.003017500000000001,0.000103261,20250314 mixed pixel 3 50% 0 degree 200Hz.DTA,50%,0,200Hz
0.0030275000000000007,0.000103194,20250314 mixed pixel 3 50% 0 degree 200Hz.DTA,50%,0,200Hz
0.0030375000000000003,0.000103227,20250314 mixed pixel 3 50% 0 degree 200Hz.DTA,50%,0,200Hz
0.0030475,0.000103227,20250314 mixed pixel 3 50% 0 degree 200Hz.DTA,50%,0,200Hz
0.003057500000000001,0.000103294,20250314 mixed pixel 3 50% 0 degree 200Hz.DTA,50%,0,200Hz
0.0030675000000000008,0.000103194,20250314 mixed pixel 3 50% 0 degree 200Hz.DTA,50%,0,200Hz
0.0030775000000000004,0.000103227,20250314 mixed pixel 3 50% 0 degree 200Hz.DTA,50%,0,200Hz
0.0030875,0.000103327,20250314 mixed pixel 3 50% 0 degree 200Hz.DTA,50%,0,200Hz
0.0030975000000000013,0.000103294,20250314 mixed pixel 3 50% 0 degree 200Hz.DTA,50%,0,200Hz
0.003107500000000001,0.000103294,20250314 mixed pixel 3 50% 0 degree 200Hz.DTA,50%,0,200Hz
0.0031175000000000005,0.000103294,20250314 mixed pixel 3 50% 0 degree 200Hz.DTA,50%,0,200Hz
0.0031275,0.000103261,20250314 mixed pixel 3 50% 0 degree 200Hz.DTA,50%,0,200Hz
0.0031374999999999997,0.00010316,20250314 mixed pixel 3 50% 0 degree 200Hz.DTA,50%,0,200Hz
0.003147500000000001,0.000103227,20250314 mixed pixel 3 50% 0 degree 200Hz.DTA,50%,0,200Hz
0.0031575000000000006,0.000103261,20250314 mixed pixel 3 50% 0 degree 200Hz.DTA,50%,0,200Hz
0.0031675,0.000103227,20250314 mixed pixel 3 50% 0 degree 200Hz.DTA,50%,0,200Hz
0.0031774999999999998,0.000103261,20250314 mixed pixel 3 50% 0 degree 200Hz.DTA,50%,0,200Hz
0.003187500000000001,0.000103227,20250314 mixed pixel 3 50% 0 degree 200Hz.DTA,50%,0,200Hz
0.0031975000000000007,0.000103294,20250314 mixed pixel 3 50% 0 degree 200Hz.DTA,50%,0,200Hz
0.0032075000000000003,0.000103361,20250314 mixed pixel 3 50% 0 degree 200Hz.DTA,50%,0,200Hz
0.0032175,0.000103795,20250314 mixed pixel 3 50% 0 degree 200Hz.DTA,50%,0,200Hz
0.003227500000000001,0.000103561,20250314 mixed pixel 3 50% 0 degree 200Hz.DTA,50%,0,200Hz
0.003237500000000001,0.000101025,20250314 mixed pixel 3 50% 0 degree 200Hz.DTA,50%,0,200Hz
0.0032475000000000004,9.47174e-05,20250314 mixed pixel 3 50% 0 degree 200Hz.DTA,50%,0,200Hz
0.0032575,8.46056e-05,20250314 mixed pixel 3 50% 0 degree 200Hz.DTA,50%,0,200Hz
0.0032675000000000013,7.10566e-05,20250314 mixed pixel 3 50% 0 degree 200Hz.DTA,50%,0,200Hz
0.003277500000000001,5.4404e-05,20250314 mixed pixel 3 50% 0 degree 200Hz.DTA,50%,0,200Hz
0.0032875000000000005,3.65499e-05,20250314 mixed pixel 3 50% 0 degree 200Hz.DTA,50%,0,200Hz
0.0032975,2.05647e-05,20250314 mixed pixel 3 50% 0 degree 200Hz.DTA,50%,0,200Hz
0.0033074999999999997,8.71766e-06,20250314 mixed pixel 3 50% 0 degree 200Hz.DTA,50%,0,200Hz
0.003317500000000001,1.14221e-06,20250314 mixed pixel 3 50% 0 degree 200Hz.DTA,50%,0,200Hz
0.0033275000000000006,-3.09603e-06,20250314 mixed pixel 3 50% 0 degree 200Hz.DTA,50%,0,200Hz
0.0033375,-5.1651e-06,20250314 mixed pixel 3 50% 0 degree 200Hz.DTA,50%,0,200Hz
0.0033474999999999998,-6.03277e-06,20250314 mixed pixel 3 50% 0 degree 200Hz.DTA,50%,0,200Hz
0.003357500000000001,-6.46661e-06,20250314 mixed pixel 3 50% 0 degree 200Hz.DTA,50%,0,200Hz
0.0033675000000000007,-6.76696e-06,20250314 mixed pixel 3 50% 0 degree 200Hz.DTA,50%,0,200Hz
0.0033775000000000003,-7.16742e-06,20250314 mixed pixel 3 50% 0 degree 200Hz.DTA,50%,0,200Hz
0.0033875,-7.60126e-06,20250314 mixed pixel 3 50% 0 degree 200Hz.DTA,50%,0,200Hz
0.003397500000000001,-8.10184e-06,20250314 mixed pixel 3 50% 0 degree 200Hz.DTA,50%,0,200Hz
0.003407500000000001,-8.73591e-06,20250314 mixed pixel 3 50% 0 degree 200Hz.DTA,50%,0,200Hz
0.0034175000000000004,-9.3366e-06,20250314 mixed pixel 3 50% 0 degree 200Hz.DTA,50%,0,200Hz
0.0034275,-9.90393e-06,20250314 mixed pixel 3 50% 0 degree 200Hz.DTA,50%,0,200Hz
0.0034375000000000013,-1.03044e-05,20250314 mixed pixel 3 50% 0 degree 200Hz.DTA,50%,0,200Hz
0.003447500000000001,-1.07716e-05,20250314 mixed pixel 3 50% 0 degree 200Hz.DTA,50%,0,200Hz
0.0034575000000000005,-1.12054e-05,20250314 mixed pixel 3 50% 0 degree 200Hz.DTA,50%,0,200Hz
0.0034675,-1.15392e-05,20250314 mixed pixel 3 50% 0 degree 200Hz.DTA,50%,0,200Hz
0.0034774999999999997,-1.18061e-05,20250314 mixed pixel 3 50% 0 degree 200Hz.DTA,50%,0,200Hz
0.003487500000000001,-1.21065e-05,20250314 mixed pixel 3 50% 0 degree 200Hz.DTA,50%,0,200Hz
0.0034975000000000006,-1.24402e-05,20250314 mixed pixel 3 50% 0 degree 200Hz.DTA,50%,0,200Hz
0.0035075,-1.28407e-05,20250314 mixed pixel 3 50% 0 degree 200Hz.DTA,50%,0,200Hz
0.0035175,-1.32411e-05,20250314 mixed pixel 3 50% 0 degree 200Hz.DTA,50%,0,200Hz
0.003527500000000001,-1.35415e-05,20250314 mixed pixel 3 50% 0 degree 200Hz.DTA,50%,0,200Hz
0.0035375000000000007,-1.40421e-05,20250314 mixed pixel 3 50% 0 degree 200Hz.DTA,50%,0,200Hz
0.0035475000000000003,-1.43758e-05,20250314 mixed pixel 3 50% 0 degree 200Hz.DTA,50%,0,200Hz
0.0035575,-1.47762e-05,20250314 mixed pixel 3 50% 0 degree 200Hz.DTA,50%,0,200Hz
0.0035675000000000012,-1.52101e-05,20250314 mixed pixel 3 50% 0 degree 200Hz.DTA,50%,0,200Hz
0.003577500000000001,-1.56105e-05,20250314 mixed pixel 3 50% 0 degree 200Hz.DTA,50%,0,200Hz
0.0035875000000000004,-1.58441e-05,20250314 mixed pixel 3 50% 0 degree 200Hz.DTA,50%,0,200Hz
0.0035975,-1.61779e-05,20250314 mixed pixel 3 50% 0 degree 200Hz.DTA,50%,0,200Hz
0.0036075000000000013,-1.64782e-05,20250314 mixed pixel 3 50% 0 degree 200Hz.DTA,50%,0,200Hz
0.003617500000000001,-1.67118e-05,20250314 mixed pixel 3 50% 0 degree 200Hz.DTA,50%,0,200Hz
0.0036275000000000005,-1.70122e-05,20250314 mixed pixel 3 50% 0 degree 200Hz.DTA,50%,0,200Hz
0.0036375,-1.72458e-05,20250314 mixed pixel 3 50% 0 degree 200Hz.DTA,50%,0,200Hz
0.0036474999999999997,-1.75127e-05,20250314 mixed pixel 3 50% 0 degree 200Hz.DTA,50%,0,200Hz
0.003657500000000001,-1.7713e-05,20250314 mixed pixel 3 50% 0 degree 200Hz.DTA,50%,0,200Hz
0.0036675000000000006,-1.798e-05,20250314 mixed pixel 3 50% 0 degree 200Hz.DTA,50%,0,200Hz
0.0036775,-1.81134e-05,20250314 mixed pixel 3 50% 0 degree 200Hz.DTA,50%,0,200Hz
0.0036875,-1.82803e-05,20250314 mixed pixel 3 50% 0 degree 200Hz.DTA,50%,0,200Hz
0.003697500000000001,-1.84138e-05,20250314 mixed pixel 3 50% 0 degree 200Hz.DTA,50%,0,200Hz
0.0037075000000000007,-1.85807e-05,20250314 mixed pixel 3 50% 0 degree 200Hz.DTA,50%,0,200Hz
0.0037175000000000003,-1.87141e-05,20250314 mixed pixel 3 50% 0 degree 200Hz.DTA,50%,0,200Hz
0.0037275,-1.8881e-05,20250314 mixed pixel 3 50% 0 degree 200Hz.DTA,50%,0,200Hz
0.0037375000000000012,-1.90812e-05,20250314 mixed pixel 3 50% 0 degree 200Hz.DTA,50%,0,200Hz
0.003747500000000001,-1.92481e-05,20250314 mixed pixel 3 50% 0 degree 200Hz.DTA,50%,0,200Hz
0.0037575000000000004,-1.93816e-05,20250314 mixed pixel 3 50% 0 degree 200Hz.DTA,50%,0,200Hz
0.0037675,-1.94817e-05,20250314 mixed pixel 3 50% 0 degree 200Hz.DTA,50%,0,200Hz
0.0037775000000000013,-1.95818e-05,20250314 mixed pixel 3 50% 0 degree 200Hz.DTA,50%,0,200Hz
0.003787500000000001,-1.96152e-05,20250314 mixed pixel 3 50% 0 degree 200Hz.DTA,50%,0,200Hz
0.0037975000000000005,-1.96819e-05,20250314 mixed pixel 3 50% 0 degree 200Hz.DTA,50%,0,200Hz
0.0038075,-1.9782e-05,20250314 mixed pixel 3 50% 0 degree 200Hz.DTA,50%,0,200Hz
0.0038174999999999997,-1.97487e-05,20250314 mixed pixel 3 50% 0 degree 200Hz.DTA,50%,0,200Hz
0.003827500000000001,-1.95151e-05,20250314 mixed pixel 3 50% 0 degree 200Hz.DTA,50%,0,200Hz
0.0038375000000000006,-1.8881e-05,20250314 mixed pixel 3 50% 0 degree 200Hz.DTA,50%,0,200Hz
0.0038475000000000002,-1.78131e-05,20250314 mixed pixel 3 50% 0 degree 200Hz.DTA,50%,0,200Hz
0.0038575,-1.65116e-05,20250314 mixed pixel 3 50% 0 degree 200Hz.DTA,50%,0,200Hz
0.003867500000000001,-1.51767e-05,20250314 mixed pixel 3 50% 0 degree 200Hz.DTA,50%,0,200Hz
0.0038775000000000007,-1.39419e-05,20250314 mixed pixel 3 50% 0 degree 200Hz.DTA,50%,0,200Hz
0.0038875000000000003,-1.29408e-05,20250314 mixed pixel 3 50% 0 degree 200Hz.DTA,50%,0,200Hz
0.0038975,-1.21065e-05,20250314 mixed pixel 3 50% 0 degree 200Hz.DTA,50%,0,200Hz
0.003907500000000001,-1.13723e-05,20250314 mixed pixel 3 50% 0 degree 200Hz.DTA,50%,0,200Hz
0.003917500000000001,-1.08383e-05,20250314 mixed pixel 3 50% 0 degree 200Hz.DTA,50%,0,200Hz
0.0039275000000000004,-1.04045e-05,20250314 mixed pixel 3 50% 0 degree 200Hz.DTA,50%,0,200Hz
0.0039375,-1.0004e-05,20250314 mixed pixel 3 50% 0 degree 200Hz.DTA,50%,0,200Hz
0.003947500000000001,-9.67032e-06,20250314 mixed pixel 3 50% 0 degree 200Hz.DTA,50%,0,200Hz
0.003957500000000001,-9.3366e-06,20250314 mixed pixel 3 50% 0 degree 200Hz.DTA,50%,0,200Hz
0.0039675000000000005,-9.06963e-06,20250314 mixed pixel 3 50% 0 degree 200Hz.DTA,50%,0,200Hz
0.0039775,-8.76928e-06,20250314 mixed pixel 3 50% 0 degree 200Hz.DTA,50%,0,200Hz
0.0039875,-8.56905e-06,20250314 mixed pixel 3 50% 0 degree 200Hz.DTA,50%,0,200Hz
0.003997500000000001,-8.33544e-06,20250314 mixed pixel 3 50% 0 degree 200Hz.DTA,50%,0,200Hz
0.004007500000000001,-8.16858e-06,20250314 mixed pixel 3 50% 0 degree 200Hz.DTA,50%,0,200Hz
0.0040175,-7.93498e-06,20250314 mixed pixel 3 50% 0 degree 200Hz.DTA,50%,0,200Hz
0.0040275,-7.76812e-06,20250314 mixed pixel 3 50% 0 degree 200Hz.DTA,50%,0,200Hz
0.004037500000000001,-7.53451e-06,20250314 mixed pixel 3 50% 0 degree 200Hz.DTA,50%,0,200Hz
0.004047500000000001,-7.36765e-06,20250314 mixed pixel 3 50% 0 degree 200Hz.DTA,50%,0,200Hz
0.0040575,-7.13405e-06,20250314 mixed pixel 3 50% 0 degree 200Hz.DTA,50%,0,200Hz
0.0040675,-7.00056e-06,20250314 mixed pixel 3 50% 0 degree 200Hz.DTA,50%,0,200Hz
0.004077500000000001,-6.8337e-06,20250314 mixed pixel 3 50% 0 degree 200Hz.DTA,50%,0,200Hz
0.004087500000000001,-6.73358e-06,20250314 mixed pixel 3 50% 0 degree 200Hz.DTA,50%,0,200Hz
0.0040975000000000004,-6.6001e-06,20250314 mixed pixel 3 50% 0 degree 200Hz.DTA,50%,0,200Hz
0.0041075,-6.43324e-06,20250314 mixed pixel 3 50% 0 degree 200Hz.DTA,50%,0,200Hz
0.004117500000000001,-6.29975e-06,20250314 mixed pixel 3 50% 0 degree 200Hz.DTA,50%,0,200Hz
0.004127500000000001,-6.16626e-06,20250314 mixed pixel 3 50% 0 degree 200Hz.DTA,50%,0,200Hz
0.0041375000000000006,-6.09952e-06,20250314 mixed pixel 3 50% 0 degree 200Hz.DTA,50%,0,200Hz
0.0041475,-5.9994e-06,20250314 mixed pixel 3 50% 0 degree 200Hz.DTA,50%,0,200Hz
0.0041575,-5.86591e-06,20250314 mixed pixel 3 50% 0 degree 200Hz.DTA,50%,0,200Hz
0.004167500000000001,-5.83254e-06,20250314 mixed pixel 3 50% 0 degree 200Hz.DTA,50%,0,200Hz
0.004177500000000001,-5.69905e-06,20250314 mixed pixel 3 50% 0 degree 200Hz.DTA,50%,0,200Hz
0.0041875,-5.66568e-06,20250314 mixed pixel 3 50% 0 degree 200Hz.DTA,50%,0,200Hz
0.0041975,-5.56556e-06,20250314 mixed pixel 3 50% 0 degree 200Hz.DTA,50%,0,200Hz
0.004207500000000001,-5.49882e-06,20250314 mixed pixel 3 50% 0 degree 200Hz.DTA,50%,0,200Hz
0.004217500000000001,-5.3987e-06,20250314 mixed pixel 3 50% 0 degree 200Hz.DTA,50%,0,200Hz
0.0042275,-5.33196e-06,20250314 mixed pixel 3 50% 0 degree 200Hz.DTA,50%,0,200Hz
0.0042375,-5.26522e-06,20250314 mixed pixel 3 50% 0 degree 200Hz.DTA,50%,0,200Hz
0.004247500000000001,-5.1651e-06,20250314 mixed pixel 3 50% 0 degree 200Hz.DTA,50%,0,200Hz
0.004257500000000001,-5.09836e-06,20250314 mixed pixel 3 50% 0 degree 200Hz.DTA,50%,0,200Hz
0.0042675000000000005,-5.03161e-06,20250314 mixed pixel 3 50% 0 degree 200Hz.DTA,50%,0,200Hz
0.0042775,-4.96487e-06,20250314 mixed pixel 3 50% 0 degree 200Hz.DTA,50%,0,200Hz
0.004287500000000001,-4.9315e-06,20250314 mixed pixel 3 50% 0 degree 200Hz.DTA,50%,0,200Hz
0.004297500000000001,-4.86475e-06,20250314 mixed pixel 3 50% 0 degree 200Hz.DTA,50%,0,200Hz
0.0043075000000000006,-4.76464e-06,20250314 mixed pixel 3 50% 0 degree 200Hz.DTA,50%,0,200Hz
0.0043175,-4.73126e-06,20250314 mixed pixel 3 50% 0 degree 200Hz.DTA,50%,0,200Hz
0.0043275,-4.73126e-06,20250314 mixed pixel 3 50% 0 degree 200Hz.DTA,50%,0,200Hz
0.004337500000000001,-4.66452e-06,20250314 mixed pixel 3 50% 0 degree 200Hz.DTA,50%,0,200Hz
0.004347500000000001,-4.63115e-06,20250314 mixed pixel 3 50% 0 degree 200Hz.DTA,50%,0,200Hz
0.0043575,-4.5644e-06,20250314 mixed pixel 3 50% 0 degree 200Hz.DTA,50%,0,200Hz
0.0043675,-4.49766e-06,20250314 mixed pixel 3 50% 0 degree 200Hz.DTA,50%,0,200Hz
0.004377500000000001,-4.46429e-06,20250314 mixed pixel 3 50% 0 degree 200Hz.DTA,50%,0,200Hz
0.004387500000000001,-4.43091e-06,20250314 mixed pixel 3 50% 0 degree 200Hz.DTA,50%,0,200Hz
0.0043975,-4.3308e-06,20250314 mixed pixel 3 50% 0 degree 200Hz.DTA,50%,0,200Hz
0.0044075,-4.3308e-06,20250314 mixed pixel 3 50% 0 degree 200Hz.DTA,50%,0,200Hz
0.004417500000000001,-4.26406e-06,20250314 mixed pixel 3 50% 0 degree 200Hz.DTA,50%,0,200Hz
0.004427500000000001,-4.23068e-06,20250314 mixed pixel 3 50% 0 degree 200Hz.DTA,50%,0,200Hz
0.0044375000000000005,-4.19731e-06,20250314 mixed pixel 3 50% 0 degree 200Hz.DTA,50%,0,200Hz
0.0044475,-4.16394e-06,20250314 mixed pixel 3 50% 0 degree 200Hz.DTA,50%,0,200Hz
0.004457500000000001,-4.16394e-06,20250314 mixed pixel 3 50% 0 degree 200Hz.DTA,50%,0,200Hz
0.004467500000000001,-4.13057e-06,20250314 mixed pixel 3 50% 0 degree 200Hz.DTA,50%,0,200Hz
0.004477500000000001,-4.09719e-06,20250314 mixed pixel 3 50% 0 degree 200Hz.DTA,50%,0,200Hz
0.0044875,-4.03045e-06,20250314 mixed pixel 3 50% 0 degree 200Hz.DTA,50%,0,200Hz
0.0044975,-3.99708e-06,20250314 mixed pixel 3 50% 0 degree 200Hz.DTA,50%,0,200Hz
0.004507500000000001,-3.96371e-06,20250314 mixed pixel 3 50% 0 degree 200Hz.DTA,50%,0,200Hz
0.004517500000000001,-3.93033e-06,20250314 mixed pixel 3 50% 0 degree 200Hz.DTA,50%,0,200Hz
0.0045275,-3.83022e-06,20250314 mixed pixel 3 50% 0 degree 200Hz.DTA,50%,0,200Hz
0.0045375,-3.79685e-06,20250314 mixed pixel 3 50% 0 degree 200Hz.DTA,50%,0,200Hz
0.004547500000000001,-3.76347e-06,20250314 mixed pixel 3 50% 0 degree 200Hz.DTA,50%,0,200Hz
0.004557500000000001,-3.76347e-06,20250314 mixed pixel 3 50% 0 degree 200Hz.DTA,50%,0,200Hz
0.0045675,-3.79685e-06,20250314 mixed pixel 3 50% 0 degree 200Hz.DTA,50%,0,200Hz
0.0045775,-3.69673e-06,20250314 mixed pixel 3 50% 0 degree 200Hz.DTA,50%,0,200Hz
0.004587500000000001,-3.69673e-06,20250314 mixed pixel 3 50% 0 degree 200Hz.DTA,50%,0,200Hz
0.004597500000000001,-3.69673e-06,20250314 mixed pixel 3 50% 0 degree 200Hz.DTA,50%,0,200Hz
0.0046075000000000005,-3.69673e-06,20250314 mixed pixel 3 50% 0 degree 200Hz.DTA,50%,0,200Hz
0.0046175,-3.66336e-06,20250314 mixed pixel 3 50% 0 degree 200Hz.DTA,50%,0,200Hz
0.0046275,-3.59661e-06,20250314 mixed pixel 3 50% 0 degree 200Hz.DTA,50%,0,200Hz
0.004637500000000001,-3.56324e-06,20250314 mixed pixel 3 50% 0 degree 200Hz.DTA,50%,0,200Hz
0.004647500000000001,-3.52987e-06,20250314 mixed pixel 3 50% 0 degree 200Hz.DTA,50%,0,200Hz
0.0046575,-3.4965e-06,20250314 mixed pixel 3 50% 0 degree 200Hz.DTA,50%,0,200Hz
0.0046675,-3.4965e-06,20250314 mixed pixel 3 50% 0 degree 200Hz.DTA,50%,0,200Hz
0.004677500000000001,-3.42975e-06,20250314 mixed pixel 3 50% 0 degree 200Hz.DTA,50%,0,200Hz
0.004687500000000001,-3.46313e-06,20250314 mixed pixel 3 50% 0 degree 200Hz.DTA,50%,0,200Hz
0.0046975,-3.42975e-06,20250314 mixed pixel 3 50% 0 degree 200Hz.DTA,50%,0,200Hz
0.0047075,-3.46313e-06,20250314 mixed pixel 3 50% 0 degree 200Hz.DTA,50%,0,200Hz
0.004717500000000001,-3.42975e-06,20250314 mixed pixel 3 50% 0 degree 200Hz.DTA,50%,0,200Hz
0.004727500000000001,-3.39638e-06,20250314 mixed pixel 3 50% 0 degree 200Hz.DTA,50%,0,200Hz
0.0047375,-3.39638e-06,20250314 mixed pixel 3 50% 0 degree 200Hz.DTA,50%,0,200Hz
0.0047475,-3.29627e-06,20250314 mixed pixel 3 50% 0 degree 200Hz.DTA,50%,0,200Hz
0.004757500000000001,-3.32964e-06,20250314 mixed pixel 3 50% 0 degree 200Hz.DTA,50%,0,200Hz
0.004767500000000001,-3.29627e-06,20250314 mixed pixel 3 50% 0 degree 200Hz.DTA,50%,0,200Hz
0.0047775000000000005,-3.26289e-06,20250314 mixed pixel 3 50% 0 degree 200Hz.DTA,50%,0,200Hz
0.0047875,-3.22952e-06,20250314 mixed pixel 3 50% 0 degree 200Hz.DTA,50%,0,200Hz
0.0047975,-3.19615e-06,20250314 mixed pixel 3 50% 0 degree 200Hz.DTA,50%,0,200Hz
0.004807500000000001,-3.22952e-06,20250314 mixed pixel 3 50% 0 degree 200Hz.DTA,50%,0,200Hz
0.004817500000000001,-3.22952e-06,20250314 mixed pixel 3 50% 0 degree 200Hz.DTA,50%,0,200Hz
0.0048275,-3.19615e-06,20250314 mixed pixel 3 50% 0 degree 200Hz.DTA,50%,0,200Hz
0.0048375,-3.16278e-06,20250314 mixed pixel 3 50% 0 degree 200Hz.DTA,50%,0,200Hz
0.004847500000000001,-3.16278e-06,20250314 mixed pixel 3 50% 0 degree 200Hz.DTA,50%,0,200Hz
0.004857500000000001,-3.09603e-06,20250314 mixed pixel 3 50% 0 degree 200Hz.DTA,50%,0,200Hz
0.0048675,-3.06266e-06,20250314 mixed pixel 3 50% 0 degree 200Hz.DTA,50%,0,200Hz
0.0048775,-3.09603e-06,20250314 mixed pixel 3 50% 0 degree 200Hz.DTA,50%,0,200Hz
0.004887500000000001,-3.02929e-06,20250314 mixed pixel 3 50% 0 degree 200Hz.DTA,50%,0,200Hz
0.004897500000000001,-3.06266e-06,20250314 mixed pixel 3 50% 0 degree 200Hz.DTA,50%,0,200Hz
0.0049075,-2.99592e-06,20250314 mixed pixel 3 50% 0 degree 200Hz.DTA,50%,0,200Hz
0.0049175,-2.99592e-06,20250314 mixed pixel 3 50% 0 degree 200Hz.DTA,50%,0,200Hz
0.004927500000000001,-2.99592e-06,20250314 mixed pixel 3 50% 0 degree 200Hz.DTA,50%,0,200Hz
0.004937500000000001,-2.96255e-06,20250314 mixed pixel 3 50% 0 degree 200Hz.DTA,50%,0,200Hz
0.0049475000000000005,-2.92917e-06,20250314 mixed pixel 3 50% 0 degree 200Hz.DTA,50%,0,200Hz
0.0049575,-2.92917e-06,20250314 mixed pixel 3 50% 0 degree 200Hz.DTA,50%,0,200Hz
0.0049675,-2.92917e-06,20250314 mixed pixel 3 50% 0 degree 200Hz.DTA,50%,0,200Hz
0.004977500000000001,-2.86243e-06,20250314 mixed pixel 3 50% 0 degree 200Hz.DTA,50%,0,200Hz
0.004987500000000001,-2.8958e-06,20250314 mixed pixel 3 50% 0 degree 200Hz.DTA,50%,0,200Hz
